{
  "config": {
    "chem": {
      "point_group": "dooh"
    },
    "dmc_num_dets": 100,
    "eps_vars": [
      0.01,
      0.005,
      0.001
    ],
    "eps_vars_schedule": [
      0.01,
      0.005,
      0.001
    ],
    "n_dn": 7,
    "n_up": 7,
    "system": "chem",
    "var_only": true
  },
  "energy_hf": -119.83634571314835,
  "energy_var": {
    "1.00e-02": -120.41586755452924,
    "1.00e-03": -120.41993771060119,
    "5.00e-03": -120.41805996412609
  },
  "n_elecs": 14
}
